"keyword","lane","asset","target_url","page_type","us_monthly_searches_est","keyword_difficulty_est","vendor_intent","data_checked","api_task_id","note"
"mvp in software development","product","What is an MVP?","/build-log/what-is-mvp-development/","article","480","25","informational","2026-10-03","10032015-1183-0399-0000-8472629b8cca",""
"agile development mvp","product","MVP development process","/build-log/mvp-development-process/","article","320","3","informational","2026-10-03","10032015-1183-0399-0000-8472629b8cca",""
"mvp development services for startups","product","MVP development service","/product-development/","service","170","13","commercial","2026-10-03","10032015-1183-0399-0000-8472629b8cca",""
"what is mvp in app development","product","What is an MVP?","/build-log/what-is-mvp-development/","article","140","21","informational","2026-10-03","10032015-1183-0399-0000-8472629b8cca",""
"mvp development cost","product","MVP cost and scope","/build-log/mvp-development-cost/","article","140","0","informational","2026-10-03","10032015-1183-0399-0000-8472629b8cca",""
"mvp software development services","product","MVP development service","/product-development/","service","110","0","commercial","2026-10-03","10032015-1183-0399-0000-8472629b8cca",""
"what does mvp mean in product development","product","What is an MVP?","/build-log/what-is-mvp-development/","article","70","50","informational","2026-10-03","10032015-1183-0399-0000-8472629b8cca",""
"what is mvp development","product","What is an MVP?","/build-log/what-is-mvp-development/","article","70","33","informational","2026-10-03","10032015-1183-0399-0000-8472629b8cca",""
"custom mvp software development","product","MVP development service","/product-development/","service","70","0","commercial","2026-10-03","10032015-1183-0399-0000-8472629b8cca",""
"bespoke mvp development services","product","MVP development service","/product-development/","service","50","2","commercial","2026-10-03","10032015-1183-0399-0000-8472629b8cca",""
"what is mvp in agile development","product","MVP development process","/build-log/mvp-development-process/","article","50","23","informational","2026-10-03","10032015-1183-0399-0000-8472629b8cca",""
"mvp app development cost","product","MVP cost and scope","/build-log/mvp-development-cost/","article","40","4","commercial","2026-10-03","10032015-1183-0399-0000-8472629b8cca",""
"mvp development process","product","MVP development process","/build-log/mvp-development-process/","article","40","21","informational","2026-10-03","10032015-1183-0399-0000-8472629b8cca",""
"custom mvp app development services","product","MVP development service","/product-development/","service","30","0","commercial","2026-10-03","10032015-1183-0399-0000-8472629b8cca",""
"what is mvp in product development","product","What is an MVP?","/build-log/what-is-mvp-development/","article","30","42","informational","2026-10-03","10032015-1183-0399-0000-8472629b8cca",""
"saas mvp development services","product","MVP development service","/product-development/","service","30","0","commercial","2026-10-03","10032015-1183-0399-0000-8472629b8cca",""
"mvp development challenges","product","What is an MVP?","/build-log/what-is-mvp-development/","article","20","0","informational","2026-10-03","10032015-1183-0399-0000-8472629b8cca",""
"mvp approach to product development","product","MVP development process","/build-log/mvp-development-process/","article","20","26","informational","2026-10-03","10032015-1183-0399-0000-8472629b8cca",""
"mvp product development service","product","MVP development service","/product-development/","service","20","5","commercial","2026-10-03","10032015-1183-0399-0000-8472629b8cca",""
"what is mvp in web development","product","What is an MVP?","/build-log/what-is-mvp-development/","article","20","22","informational","2026-10-03","10032015-1183-0399-0000-8472629b8cca",""
"what mvp means in software development","product","What is an MVP?","/build-log/what-is-mvp-development/","article","10","","informational","2026-10-03","10032015-1183-0399-0000-8472629b8cca",""
"mvp development stages","product","MVP development process","/build-log/mvp-development-process/","article","10","48","informational","2026-10-03","10032015-1183-0399-0000-8472629b8cca",""
"what is mvp software development","product","What is an MVP?","/build-log/what-is-mvp-development/","article","10","","informational","2026-10-03","10032015-1183-0399-0000-8472629b8cca",""
"what is mvp mean in software development","product","What is an MVP?","/build-log/what-is-mvp-development/","article","10","","informational","2026-10-03","10032015-1183-0399-0000-8472629b8cca",""
"mvp development framework","product","MVP development process","/build-log/mvp-development-process/","article","10","","informational","2026-10-03","10032015-1183-0399-0000-8472629b8cca",""
"agile software development mvp","product","MVP development process","/build-log/mvp-development-process/","article","10","","informational","2026-10-03","10032015-1183-0399-0000-8472629b8cca",""
"mvp software development example","product","What is an MVP?","/build-log/what-is-mvp-development/","article","10","","informational","2026-10-03","10032015-1183-0399-0000-8472629b8cca",""
"mvp product development process","product","MVP development process","/build-log/mvp-development-process/","article","10","37","informational","2026-10-03","10032015-1183-0399-0000-8472629b8cca",""
"mvp development strategy","product","MVP development process","/build-log/mvp-development-process/","article","10","6","informational","2026-10-03","10032015-1183-0399-0000-8472629b8cca",""
"mvp development checklist","product","MVP development process","/build-log/mvp-development-process/","article","10","","informational","2026-10-03","10032015-1183-0399-0000-8472629b8cca",""
"saas app development services","product","SaaS product development service","/product-development/","service","480","18","commercial","2026-10-03","10032015-1183-0399-0000-ebd781767522",""
"saas development services","product","SaaS product development service","/product-development/","service","480","18","commercial","2026-10-03","10032015-1183-0399-0000-ebd781767522",""
"saas app development","product","SaaS product development service","/product-development/","service","320","16","commercial","2026-10-03","10032015-1183-0399-0000-ebd781767522",""
"saas application development","product","SaaS product development service","/product-development/","service","320","19","commercial","2026-10-03","10032015-1183-0399-0000-ebd781767522",""
"saas software development services","product","SaaS product development service","/product-development/","service","170","21","commercial","2026-10-03","10032015-1183-0399-0000-ebd781767522",""
"saas platform development","product","SaaS product development guide","/build-log/saas-product-development/","article","140","22","commercial","2026-10-03","10032015-1183-0399-0000-ebd781767522",""
"outsourcing saas development","product","SaaS product development guide","/build-log/saas-product-development/","article","110","0","commercial","2026-10-03","10032015-1183-0399-0000-ebd781767522",""
"custom saas development","product","SaaS product development service","/product-development/","service","110","0","commercial","2026-10-03","10032015-1183-0399-0000-ebd781767522",""
"saas software development","product","SaaS product development guide","/build-log/saas-product-development/","article","110","35","commercial","2026-10-03","10032015-1183-0399-0000-ebd781767522",""
"saas web development","product","SaaS product development guide","/build-log/saas-product-development/","article","90","28","commercial","2026-10-03","10032015-1183-0399-0000-ebd781767522",""
"saas development costs","product","SaaS development cost","/build-log/saas-development-cost/","article","90","0","commercial","2026-10-03","10032015-1183-0399-0000-ebd781767522",""
"saas solutions development","product","SaaS product development service","/product-development/","service","90","2","commercial","2026-10-03","10032015-1183-0399-0000-ebd781767522",""
"saas application development solutions","product","SaaS product development service","/product-development/","service","70","22","commercial","2026-10-03","10032015-1183-0399-0000-ebd781767522",""
"custom saas development services","product","SaaS product development service","/product-development/","service","50","0","commercial","2026-10-03","10032015-1183-0399-0000-ebd781767522",""
"what is saas development","product","SaaS product development guide","/build-log/saas-product-development/","article","30","34","informational","2026-10-03","10032015-1183-0399-0000-ebd781767522",""
"saas development lifecycle","product","SaaS product development guide","/build-log/saas-product-development/","article","30","0","informational","2026-10-03","10032015-1183-0399-0000-ebd781767522",""
"saas development process","product","SaaS product development guide","/build-log/saas-product-development/","article","30","0","informational","2026-10-03","10032015-1183-0399-0000-ebd781767522",""
"saas software development life cycle","product","SaaS product development guide","/build-log/saas-product-development/","article","30","0","commercial","2026-10-03","10032015-1183-0399-0000-ebd781767522",""
"saas web application development","product","SaaS product development guide","/build-log/saas-product-development/","article","30","18","commercial","2026-10-03","10032015-1183-0399-0000-ebd781767522",""
"saas development life cycle","product","SaaS product development guide","/build-log/saas-product-development/","article","30","0","informational","2026-10-03","10032015-1183-0399-0000-ebd781767522",""
"saas product development process","product","SaaS product development guide","/build-log/saas-product-development/","article","20","0","informational","2026-10-03","10032015-1183-0399-0000-ebd781767522",""
"saas based product development","product","SaaS product development guide","/build-log/saas-product-development/","article","20","0","commercial","2026-10-03","10032015-1183-0399-0000-ebd781767522",""
"saas product development strategy","product","SaaS product development guide","/build-log/saas-product-development/","article","20","0","informational","2026-10-03","10032015-1183-0399-0000-ebd781767522",""
"saas software development costs","product","SaaS development cost","/build-log/saas-development-cost/","article","10","24","commercial","2026-10-03","10032015-1183-0399-0000-ebd781767522",""
"what is saas product development","product","SaaS product development guide","/build-log/saas-product-development/","article","10","","informational","2026-10-03","10032015-1183-0399-0000-ebd781767522",""
"what is saas application development","product","SaaS product development service","/product-development/","service","10","58","informational","2026-10-03","10032015-1183-0399-0000-ebd781767522",""
"saas product development lifecycle","product","SaaS product development guide","/build-log/saas-product-development/","article","10","0","informational","2026-10-03","10032015-1183-0399-0000-ebd781767522",""
"saas development best practices","product","SaaS product development guide","/build-log/saas-product-development/","article","10","18","informational","2026-10-03","10032015-1183-0399-0000-ebd781767522",""
"saas product development guide","product","SaaS product development guide","/build-log/saas-product-development/","article","10","","informational","2026-10-03","10032015-1183-0399-0000-ebd781767522",""
"saas development guide","product","SaaS product development guide","/build-log/saas-product-development/","article","10","","informational","2026-10-03","10032015-1183-0399-0000-ebd781767522",""
"saas vs custom development","product","SaaS product development guide","/build-log/saas-product-development/","article","10","","commercial","2026-10-03","10032015-1183-0399-0000-ebd781767522",""
"saas application development best practices","product","SaaS product development service","/product-development/","service","10","","informational","2026-10-03","10032015-1183-0399-0000-ebd781767522",""
"custom saas app development","product","SaaS product development service","/product-development/","service","10","","commercial","2026-10-03","10032015-1183-0399-0000-ebd781767522",""
"custom saas product development","product","SaaS product development service","/product-development/","service","10","","commercial","2026-10-03","10032015-1183-0399-0000-ebd781767522",""
"micro saas development","product","SaaS product development guide","/build-log/saas-product-development/","article","10","","commercial","2026-10-03","10032015-1183-0399-0000-ebd781767522",""
"saas product development checklist","product","SaaS product development guide","/build-log/saas-product-development/","article","10","","informational","2026-10-03","10032015-1183-0399-0000-ebd781767522",""
"saas product development framework","product","SaaS product development guide","/build-log/saas-product-development/","article","10","","informational","2026-10-03","10032015-1183-0399-0000-ebd781767522",""
"saas app development cost","product","SaaS development cost","/build-log/saas-development-cost/","article","10","","commercial","2026-10-03","10032015-1183-0399-0000-ebd781767522",""
"saas development challenges","product","SaaS product development guide","/build-log/saas-product-development/","article","10","","informational","2026-10-03","10032015-1183-0399-0000-ebd781767522",""
"saas product development roadmap","product","SaaS product development guide","/build-log/saas-product-development/","article","10","","informational","2026-10-03","10032015-1183-0399-0000-ebd781767522",""
"ai saas development","product","SaaS product development guide","/build-log/saas-product-development/","article","10","5","informational","2026-10-03","10032015-1183-0399-0000-ebd781767522",""
"digital product development agency","product","SaaS product development service","/product-development/","service","70","0","commercial","2026-10-03","10032015-1183-0399-0000-b917ac07454e",""
"saas seo","search","SaaS SEO service","/seo-ai-search/","service","590","12","informational","2026-10-03","10032015-1183-0399-0000-0d948c17f035",""
"saas seo services","search","SaaS SEO service","/seo-ai-search/","service","390","0","commercial","2026-10-03","10032015-1183-0399-0000-0d948c17f035",""
"saas seo strategies","search","SaaS SEO playbook","/build-log/saas-seo-strategy/","article","210","6","commercial","2026-10-03","10032015-1183-0399-0000-0d948c17f035",""
"b2b saas seo","search","SaaS SEO service","/seo-ai-search/","service","140","0","commercial","2026-10-03","10032015-1183-0399-0000-0d948c17f035",""
"saas seo guide","search","SaaS SEO playbook","/build-log/saas-seo-strategy/","article","110","8","commercial","2026-10-03","10032015-1183-0399-0000-0d948c17f035",""
"enterprise saas seo","search","SaaS SEO service","/seo-ai-search/","service","110","0","commercial","2026-10-03","10032015-1183-0399-0000-0d948c17f035",""
"seo for saas company","search","SaaS SEO service","/seo-ai-search/","service","110","9","commercial","2026-10-03","10032015-1183-0399-0000-0d948c17f035",""
"saas seo case study","search","Owned-product search case studies","/build-log/quotesweep-seo-case-study/","service","90","3","commercial","2026-10-03","10032015-1183-0399-0000-0d948c17f035",""
"what is saas seo","search","SaaS SEO service","/seo-ai-search/","service","70","3","informational","2026-10-03","10032015-1183-0399-0000-0d948c17f035",""
"saas seo checklist","search","SaaS SEO playbook","/build-log/saas-seo-strategy/","article","70","0","commercial","2026-10-03","10032015-1183-0399-0000-0d948c17f035",""
"seo for saas startups","search","SaaS SEO service","/seo-ai-search/","service","50","4","commercial","2026-10-03","10032015-1183-0399-0000-0d948c17f035",""
"technical seo for saas","search","Technical SEO for SaaS","/build-log/technical-seo-for-saas/","article","50","0","commercial","2026-10-03","10032015-1183-0399-0000-0d948c17f035",""
"saas seo mistakes","search","SaaS SEO playbook","/build-log/saas-seo-strategy/","article","50","0","informational","2026-10-03","10032015-1183-0399-0000-0d948c17f035",""
"saas seo kpis","search","SaaS SEO playbook","/build-log/saas-seo-strategy/","article","50","0","informational","2026-10-03","10032015-1183-0399-0000-0d948c17f035",""
"b2b saas seo case study","search","Owned-product search case studies","/build-log/quotesweep-seo-case-study/","service","30","0","commercial","2026-10-03","10032015-1183-0399-0000-0d948c17f035",""
"saas seo tips","search","SaaS SEO playbook","/build-log/saas-seo-strategy/","article","30","0","commercial","2026-10-03","10032015-1183-0399-0000-0d948c17f035",""
"saas seo audit","search","SaaS SEO playbook","/build-log/saas-seo-strategy/","article","20","0","commercial","2026-10-03","10032015-1183-0399-0000-0d948c17f035",""
"saas seo meaning","search","What is SaaS SEO?","/build-log/what-is-saas-seo/","article","10","","informational","2026-10-03","10032015-1183-0399-0000-0d948c17f035",""
"saas seo roadmap","search","SaaS SEO playbook","/build-log/saas-seo-strategy/","article","10","5","commercial","2026-10-03","10032015-1183-0399-0000-0d948c17f035",""
"seo for saas products","search","SaaS SEO service","/seo-ai-search/","service","10","","commercial","2026-10-03","10032015-1183-0399-0000-0d948c17f035",""
"b2b saas seo strategy","search","SaaS SEO playbook","/build-log/saas-seo-strategy/","article","10","","commercial","2026-10-03","10032015-1183-0399-0000-0d948c17f035",""
"generative ai search engine optimization","search","AI search optimization guide","/build-log/ai-search-optimization/","article","70","51","commercial","2026-10-03","10032015-1183-0399-0000-917f1aff4379",""
"search engine optimization for ai","search","AI search optimization guide","/build-log/ai-search-optimization/","article","30","48","commercial","2026-10-03","10032015-1183-0399-0000-917f1aff4379",""
"ai search visibility optimization","search","AI search visibility measurement","/build-log/how-to-measure-ai-search/","article","30","16","commercial","2026-10-03","10032015-1183-0399-0000-917f1aff4379",""
"seo optimization for ai search","search","AI search optimization guide","/build-log/ai-search-optimization/","article","10","","commercial","2026-10-03","10032015-1183-0399-0000-917f1aff4379",""
"gen ai search optimization","search","AI search optimization guide","/build-log/ai-search-optimization/","article","10","","commercial","2026-10-03","10032015-1183-0399-0000-917f1aff4379",""
"how to do ai search optimization","search","AI search optimization guide","/build-log/ai-search-optimization/","article","10","","informational","2026-10-03","10032015-1183-0399-0000-917f1aff4379",""
"answer engine optimization aeo","search","AEO vs GEO explainer","/build-log/aeo-vs-geo/","article","720","37","informational","2026-10-03","10032015-1183-0399-0000-223c145ce322",""
"answer engine optimization aeo services","search","SEO and AI Search service","/seo-ai-search/","service","170","20","commercial","2026-10-03","10032015-1183-0399-0000-223c145ce322",""
"what is aeo answer engine optimization","search","AEO vs GEO explainer","/build-log/aeo-vs-geo/","article","110","37","informational","2026-10-03","10032015-1183-0399-0000-223c145ce322",""
"answer engine optimization examples","search","AEO vs GEO explainer","/build-log/aeo-vs-geo/","article","40","43","informational","2026-10-03","10032015-1183-0399-0000-223c145ce322",""
"how to do answer engine optimization","search","AEO vs GEO explainer","/build-log/aeo-vs-geo/","article","30","","informational","2026-10-03","10032015-1183-0399-0000-223c145ce322",""
"answer engine optimization definition","search","AEO vs GEO explainer","/build-log/aeo-vs-geo/","article","20","","informational","2026-10-03","10032015-1183-0399-0000-223c145ce322",""
"answer engine optimization vs geo","search","AEO vs GEO explainer","/build-log/aeo-vs-geo/","article","10","","commercial","2026-10-03","10032015-1183-0399-0000-223c145ce322",""
"what is a brand mascot","mascot","Mascot marketing strategy","/build-log/mascot-marketing-strategy/","article","50","16","informational","2026-10-03","10032015-1183-0399-0000-5f13103b6f02",""
"brand mascot design","mascot","Create a brand mascot","/build-log/how-to-create-a-brand-mascot/","article","30","0","informational","2026-10-03","10032015-1183-0399-0000-5f13103b6f02",""
"brand mascot examples","mascot","Brand mascot examples","/build-log/brand-mascot-examples/","article","20","","informational","2026-10-03","10032015-1183-0399-0000-5f13103b6f02",""
"how to create a brand mascot","mascot","Create a brand mascot","/build-log/how-to-create-a-brand-mascot/","article","10","47","informational","2026-10-03","10032015-1183-0399-0000-5f13103b6f02",""
"creating a brand mascot","mascot","Create a brand mascot","/build-log/how-to-create-a-brand-mascot/","article","10","","informational","2026-10-03","10032015-1183-0399-0000-5f13103b6f02",""
"brand mascot characters","mascot","Mascot marketing strategy","/build-log/mascot-marketing-strategy/","article","10","","informational","2026-10-03","10032015-1183-0399-0000-5f13103b6f02",""
"brand mascot guidelines","mascot","Create a brand mascot","/build-log/how-to-create-a-brand-mascot/","article","10","","informational","2026-10-03","10032015-1183-0399-0000-5f13103b6f02",""
"brand mascot marketing","mascot","Mascot marketing strategy","/build-log/mascot-marketing-strategy/","article","10","","commercial","2026-10-03","10032015-1183-0399-0000-5f13103b6f02",""
"brand mascot ideas","mascot","Brand mascot examples","/build-log/brand-mascot-examples/","article","10","","informational","2026-10-03","10032015-1183-0399-0000-5f13103b6f02",""
"mascot marketing campaigns","mascot","Mascot marketing strategy","/build-log/mascot-marketing-strategy/","article","10","","commercial","2026-10-03","10032015-1183-0399-0000-0e8474e11444",""
"mascot marketing strategy","mascot","Mascot marketing strategy","/build-log/mascot-marketing-strategy/","article","10","","commercial","2026-10-03","10032015-1183-0399-0000-0e8474e11444",""
"brand character","mascot","Mascot marketing strategy","/build-log/mascot-marketing-strategy/","article","480","6","informational","2026-10-03","10032015-1183-0399-0000-407f179dfcaa",""
"brand character examples","mascot","Brand mascot examples","/build-log/brand-mascot-examples/","article","30","17","informational","2026-10-03","10032015-1183-0399-0000-407f179dfcaa",""
"what is a brand character","mascot","Mascot marketing strategy","/build-log/mascot-marketing-strategy/","article","20","8","informational","2026-10-03","10032015-1183-0399-0000-407f179dfcaa",""
"brand character vs brand personality","mascot","Mascot marketing strategy","/build-log/mascot-marketing-strategy/","article","10","","informational","2026-10-03","10032015-1183-0399-0000-407f179dfcaa",""
"how to create a brand character","mascot","Create a brand mascot","/build-log/how-to-create-a-brand-mascot/","article","10","","informational","2026-10-03","10032015-1183-0399-0000-407f179dfcaa",""
"creating a brand character","mascot","Create a brand mascot","/build-log/how-to-create-a-brand-mascot/","article","10","","informational","2026-10-03","10032015-1183-0399-0000-407f179dfcaa",""
"brand character marketing","mascot","Mascot marketing strategy","/build-log/mascot-marketing-strategy/","article","10","","informational","2026-10-03","10032015-1183-0399-0000-407f179dfcaa",""
"character brand design","mascot","Create a brand mascot","/build-log/how-to-create-a-brand-mascot/","article","10","","commercial","2026-10-03","10032015-1183-0399-0000-407f179dfcaa",""
"cost to build an mvp","product","MVP cost and scope","/build-log/mvp-development-cost/","article","20","2","informational","2026-10-03","10032017-1183-0399-0000-2db358780b79",""
"mvp app cost","product","MVP cost and scope","/build-log/mvp-development-cost/","article","10","43","informational","2026-10-03","10032017-1183-0399-0000-2db358780b79",""
"mvp cost calculator","product","MVP cost and scope","/build-log/mvp-development-cost/","article","10","","informational","2026-10-03","10032017-1183-0399-0000-2db358780b79",""
"how to launch a saas product","product","SaaS product development guide","/build-log/saas-product-development/","article","20","1","informational","2026-10-03","10032017-1183-0399-0000-9af4d9c04230",""
"saas product launch marketing plan","product","SaaS launch checklist","/build-log/saas-product-launch-checklist/","article","10","","informational","2026-10-03","10032017-1183-0399-0000-9af4d9c04230",""
"saas product launch checklist","product","SaaS launch checklist","/build-log/saas-product-launch-checklist/","article","10","39","informational","2026-10-03","10032017-1183-0399-0000-9af4d9c04230",""
"saas product launch strategy","product","SaaS launch checklist","/build-log/saas-product-launch-checklist/","article","10","","informational","2026-10-03","10032017-1183-0399-0000-9af4d9c04230",""
"saas product launch examples","product","SaaS launch checklist","/build-log/saas-product-launch-checklist/","article","10","","informational","2026-10-03","10032017-1183-0399-0000-9af4d9c04230",""
"saas product launch plan template","product","SaaS launch checklist","/build-log/saas-product-launch-checklist/","article","10","0","informational","2026-10-03","10032017-1183-0399-0000-9af4d9c04230",""
"saas product launch plan","product","SaaS launch checklist","/build-log/saas-product-launch-checklist/","article","10","","commercial","2026-10-03","10032017-1183-0399-0000-9af4d9c04230",""
"brand visibility in ai search","search","AI search visibility measurement","/build-log/how-to-measure-ai-search/","article","70","6","commercial","2026-10-03","10032017-1183-0399-0000-3867d5cf9a57",""
"what is ai search visibility","search","AI search visibility measurement","/build-log/how-to-measure-ai-search/","article","30","","informational","2026-10-03","10032017-1183-0399-0000-3867d5cf9a57",""
"ai search visibility factors","search","AI search visibility measurement","/build-log/how-to-measure-ai-search/","article","10","","commercial","2026-10-03","10032017-1183-0399-0000-3867d5cf9a57",""
"optimizing content ai search visibility","search","AI search visibility measurement","/build-log/how-to-measure-ai-search/","article","10","","commercial","2026-10-03","10032017-1183-0399-0000-3867d5cf9a57",""
"generative engine optimization","search","GEO measurement guide","/build-log/how-to-measure-ai-search/","article","4400","54","informational","2026-10-03","10032017-1183-0399-0000-7a2c3ddd8341",""
"generative engine optimization geo services","search","SEO and AI Search service","/seo-ai-search/","service","720","28","commercial","2026-10-03","10032017-1183-0399-0000-7a2c3ddd8341",""
"generative engine optimization services","search","SEO and AI Search service","/seo-ai-search/","service","720","19","commercial","2026-10-03","10032017-1183-0399-0000-7a2c3ddd8341",""
"geo: generative engine optimization","search","GEO measurement guide","/build-log/how-to-measure-ai-search/","article","720","50","informational","2026-10-03","10032017-1183-0399-0000-7a2c3ddd8341",""
"what is geo generative engine optimization","search","GEO measurement guide","/build-log/how-to-measure-ai-search/","article","110","40","informational","2026-10-03","10032017-1183-0399-0000-7a2c3ddd8341",""
"generative engine optimization strategy","search","GEO measurement guide","/build-log/how-to-measure-ai-search/","article","90","62","commercial","2026-10-03","10032017-1183-0399-0000-7a2c3ddd8341",""
"how to do generative engine optimization","search","GEO measurement guide","/build-log/how-to-measure-ai-search/","article","90","41","informational","2026-10-03","10032017-1183-0399-0000-7a2c3ddd8341",""
"generative engine optimization checklist","search","GEO measurement guide","/build-log/how-to-measure-ai-search/","article","50","21","commercial","2026-10-03","10032017-1183-0399-0000-7a2c3ddd8341",""
"generative engine optimization examples","search","GEO measurement guide","/build-log/how-to-measure-ai-search/","article","30","","informational","2026-10-03","10032017-1183-0399-0000-7a2c3ddd8341",""
"generative engine optimization case study","search","Owned-product search case studies","/build-log/quotesweep-seo-case-study/","service","10","","commercial","2026-10-03","10032017-1183-0399-0000-7a2c3ddd8341",""
"generative engine optimization what is it","search","GEO measurement guide","/build-log/how-to-measure-ai-search/","article","10","","informational","2026-10-03","10032017-1183-0399-0000-7a2c3ddd8341",""
"generative engine optimization vs aeo","search","GEO measurement guide","/build-log/how-to-measure-ai-search/","article","10","","commercial","2026-10-03","10032017-1183-0399-0000-7a2c3ddd8341",""
"how to measure generative engine optimization","search","GEO measurement guide","/build-log/how-to-measure-ai-search/","article","10","","informational","2026-10-03","10032017-1183-0399-0000-7a2c3ddd8341",""
"how to implement generative engine optimization","search","GEO measurement guide","/build-log/how-to-measure-ai-search/","article","10","","informational","2026-10-03","10032017-1183-0399-0000-7a2c3ddd8341",""
"generative engine optimization audit","search","GEO measurement guide","/build-log/how-to-measure-ai-search/","article","10","","commercial","2026-10-03","10032017-1183-0399-0000-7a2c3ddd8341",""
"how to improve generative engine optimization","search","GEO measurement guide","/build-log/how-to-measure-ai-search/","article","10","","informational","2026-10-03","10032017-1183-0399-0000-7a2c3ddd8341",""
"generative engine optimization how to","search","GEO measurement guide","/build-log/how-to-measure-ai-search/","article","10","","informational","2026-10-03","10032017-1183-0399-0000-7a2c3ddd8341",""
"how generative engine optimization works","search","GEO measurement guide","/build-log/how-to-measure-ai-search/","article","10","","informational","2026-10-03","10032017-1183-0399-0000-7a2c3ddd8341",""
"mascot design services","mascot","Character marketing service","/mascot-branding/","service","90","3","commercial","2026-10-03","10032017-1183-0399-0000-283571abf22c",""
"how to design a mascot","mascot","Create a brand mascot","/build-log/how-to-create-a-brand-mascot/","article","30","0","informational","2026-10-03","10032017-1183-0399-0000-283571abf22c",""
"mascot character design","mascot","Create a brand mascot","/build-log/how-to-create-a-brand-mascot/","article","30","0","informational","2026-10-03","10032017-1183-0399-0000-283571abf22c",""
"mascot design cost","mascot","Character marketing service","/mascot-branding/","service","10","","commercial","2026-10-03","10032017-1183-0399-0000-283571abf22c",""
"mvp development","product","Product development service","/product-development/","service","880","21","navigational","2026-10-03","10032015-1183-0399-0000-8472629b8cca","Broad or mixed intent; inspect current SERP before targeting."
"saas development","product","Product development service","/product-development/","service","320","18","navigational","2026-10-03","10032015-1183-0399-0000-ebd781767522","Broad or mixed intent; inspect current SERP before targeting."
"product development agency","product","Product development service","/product-development/","service","720","5","navigational","2026-10-03","10032015-1183-0399-0000-b917ac07454e",""
"ai search optimization","search","SEO and AI Search service","/seo-ai-search/","service","1300","33","commercial","2026-10-03","10032015-1183-0399-0000-917f1aff4379",""
"answer engine optimization","search","AEO vs GEO explainer","/build-log/aeo-vs-geo/","article","2400","43","informational","2026-10-03","10032015-1183-0399-0000-223c145ce322",""
"brand mascot","mascot","Mascot marketing strategy","/build-log/mascot-marketing-strategy/","article","1600","0","navigational","2026-10-03","10032015-1183-0399-0000-5f13103b6f02","Broad or mixed intent; inspect current SERP before targeting."
"mascot marketing","mascot","Character marketing service","/mascot-branding/","service","50","0","commercial","2026-10-03","10032015-1183-0399-0000-0e8474e11444",""
"mvp cost","product","MVP cost and scope","/build-log/mvp-development-cost/","article","90","0","informational","2026-10-03","10032017-1183-0399-0000-2db358780b79","Broad or mixed intent; inspect current SERP before targeting."
"saas product launch","product","SaaS launch checklist","/build-log/saas-product-launch-checklist/","article","20","0","informational","2026-10-03","10032017-1183-0399-0000-9af4d9c04230",""
"ai search visibility","search","AI search visibility measurement","/build-log/how-to-measure-ai-search/","article","390","49","informational","2026-10-03","10032017-1183-0399-0000-3867d5cf9a57",""
"mascot design","mascot","Character marketing service","/mascot-branding/","service","320","0","commercial","2026-10-03","10032017-1183-0399-0000-283571abf22c","Broad or mixed intent; inspect current SERP before targeting."
"brand character design","mascot","Create a brand mascot","/build-log/how-to-create-a-brand-mascot/","article","10","22","informational","2026-10-03","10032017-1183-0399-0000-6d1f2588a3e3",""
"animated mascot","mascot","Animated brand mascot examples","/build-log/animated-brand-mascot/","article","480","5","informational","2026-10-03","10032017-1183-0399-0000-fad8fffc5ab3","Broad or mixed intent; inspect current SERP before targeting."
