keyword,market,language,monthly_search_volume,cpc_usd,competition_level,competition_index,keyword_difficulty,dataforseo_intent,monthly_searches_latest_12,related_keywords,suggestion_examples,autocomplete_expansions,status,source,checked_utc
mascot marketing,US,en,50,,LOW,13,0,commercial,2026-08:50|2026-07:30|2026-06:30|2026-05:20|2026-04:40|2026-03:70|2026-02:70|2026-01:70|2025-12:40|2025-11:40|2025-10:70|2025-09:50,,,,RETURNED,DataForSEO Google Ads Search Volume Live; US suggestion enrichment,2026-10-03
marketing mascot,US,en,50,,LOW,13,0,informational,2026-08:50|2026-07:30|2026-06:30|2026-05:20|2026-04:40|2026-03:70|2026-02:70|2026-01:70|2025-12:40|2025-11:40|2025-10:70|2025-09:50,,,,RETURNED,DataForSEO Google Ads Search Volume Live; US suggestion enrichment,2026-10-03
brand mascot,US,en,1600,5.77,LOW,1,0,navigational,2026-08:1600|2026-07:1300|2026-06:1300|2026-05:1600|2026-04:1600|2026-03:1600|2026-02:1600|2026-01:1300|2025-12:1000|2025-11:1600|2025-10:2900|2025-09:1900,,how to create a brand mascot|brand mascot costumes,,RETURNED,DataForSEO Google Ads Search Volume Live; US suggestion enrichment,2026-10-03
mascot branding,US,en,1600,5.77,LOW,1,,,2026-08:1600|2026-07:1300|2026-06:1300|2026-05:1600|2026-04:1600|2026-03:1600|2026-02:1600|2026-01:1300|2025-12:1000|2025-11:1600|2025-10:2900|2025-09:1900,mascot branding examples|mascot branding ideas|50 popular brand mascots|mascot branding template|top 100 brand mascots|brand mascot india|brand characters in advertising|brand mascot guidelines,,,RETURNED,DataForSEO Google Ads Search Volume Live; US suggestion enrichment,2026-10-03
brand mascot design,US,en,30,,LOW,0,0,informational,2026-08:10|2026-07:40|2026-06:10|2026-05:20|2026-04:30|2026-03:20|2026-02:40|2026-01:20|2025-12:30|2025-11:10|2025-10:50|2025-09:50,,,,RETURNED,DataForSEO Google Ads Search Volume Live; US suggestion enrichment,2026-10-03
custom brand mascot,US,en,,,,,,,,,,,NO_METRIC_RETURNED,DataForSEO Google Ads Search Volume Live; US suggestion enrichment,2026-10-03
company mascot,US,en,880,13.46,LOW,22,,,2026-08:590|2026-07:590|2026-06:590|2026-05:720|2026-04:880|2026-03:880|2026-02:880|2026-01:720|2025-12:720|2025-11:880|2025-10:1300|2025-09:1000,,,,RETURNED,DataForSEO Google Ads Search Volume Live; US suggestion enrichment,2026-10-03
business mascot,US,en,170,,LOW,6,,,2026-08:110|2026-07:110|2026-06:140|2026-05:170|2026-04:170|2026-03:170|2026-02:170|2026-01:170|2025-12:140|2025-11:170|2025-10:260|2025-09:210,,,,RETURNED,DataForSEO Google Ads Search Volume Live; US suggestion enrichment,2026-10-03
mascot design,US,en,320,4.97,LOW,20,,,2026-08:390|2026-07:390|2026-06:260|2026-05:320|2026-04:320|2026-03:390|2026-02:320|2026-01:260|2025-12:260|2025-11:320|2025-10:390|2025-09:390,,,,RETURNED,DataForSEO Google Ads Search Volume Live; US suggestion enrichment,2026-10-03
mascot designer,US,en,320,4.97,LOW,20,,,2026-08:390|2026-07:390|2026-06:260|2026-05:320|2026-04:320|2026-03:390|2026-02:320|2026-01:260|2025-12:260|2025-11:320|2025-10:390|2025-09:390,,,,RETURNED,DataForSEO Google Ads Search Volume Live; US suggestion enrichment,2026-10-03
mascot design service,US,en,,,,,,,,,,,NO_METRIC_RETURNED,DataForSEO Google Ads Search Volume Live; US suggestion enrichment,2026-10-03
mascot design agency,US,en,,,,,,,,,,,NO_METRIC_RETURNED,DataForSEO Google Ads Search Volume Live; US suggestion enrichment,2026-10-03
mascot branding agency,US,en,,,,,,,,,,,NO_METRIC_RETURNED,DataForSEO Google Ads Search Volume Live; US suggestion enrichment,2026-10-03
mascot agency,US,en,110,0.06,LOW,2,,,2026-08:110|2026-07:70|2026-06:110|2026-05:110|2026-04:110|2026-03:110|2026-02:110|2026-01:170|2025-12:210|2025-11:50|2025-10:70|2025-09:70,,,,RETURNED,DataForSEO Google Ads Search Volume Live; US suggestion enrichment,2026-10-03
brand character,US,en,480,,LOW,0,,,2026-08:320|2026-07:260|2026-06:260|2026-05:320|2026-04:480|2026-03:480|2026-02:590|2026-01:390|2025-12:390|2025-11:390|2025-10:880|2025-09:590,,,,RETURNED,DataForSEO Google Ads Search Volume Live; US suggestion enrichment,2026-10-03
brand character design,US,en,10,,LOW,1,,,2026-08:10|2026-07:10|2026-06:10|2026-05:10|2026-04:20|2026-03:10|2026-02:10|2026-01:10|2025-12:10|2025-11:10|2025-10:20|2025-09:20,,,,RETURNED,DataForSEO Google Ads Search Volume Live; US suggestion enrichment,2026-10-03
brand character marketing,US,en,10,,,,,informational,2026-08:0|2026-07:0|2026-06:10|2026-05:0|2026-04:10|2026-03:0|2026-02:10|2026-01:10|2025-12:10|2025-11:10|2025-10:10|2025-09:10,,,,RETURNED,DataForSEO Google Ads Search Volume Live; US suggestion enrichment,2026-10-03
character marketing,US,en,20,,LOW,0,0,informational,2026-08:10|2026-07:20|2026-06:20|2026-05:10|2026-04:20|2026-03:20|2026-02:10|2026-01:20|2025-12:10|2025-11:30|2025-10:20|2025-09:20,,,,RETURNED,DataForSEO Google Ads Search Volume Live; US suggestion enrichment,2026-10-03
character branding,US,en,480,,LOW,0,,,2026-08:320|2026-07:260|2026-06:260|2026-05:320|2026-04:480|2026-03:480|2026-02:590|2026-01:390|2025-12:390|2025-11:390|2025-10:880|2025-09:590,,,,RETURNED,DataForSEO Google Ads Search Volume Live; US suggestion enrichment,2026-10-03
character design for brands,US,en,,,,,,,,,,,NO_METRIC_RETURNED,DataForSEO Google Ads Search Volume Live; US suggestion enrichment,2026-10-03
character design agency,US,en,70,4.27,LOW,7,,,2026-08:10|2026-07:20|2026-06:30|2026-05:10|2026-04:40|2026-03:30|2026-02:10|2026-01:70|2025-12:110|2025-11:140|2025-10:210|2025-09:70,,,,RETURNED,DataForSEO Google Ads Search Volume Live; US suggestion enrichment,2026-10-03
brand character agency,US,en,,,,,,,,,,,NO_METRIC_RETURNED,DataForSEO Google Ads Search Volume Live; US suggestion enrichment,2026-10-03
brand character studio,US,en,,,,,,,,,,,NO_METRIC_RETURNED,DataForSEO Google Ads Search Volume Live; US suggestion enrichment,2026-10-03
character marketing agency,US,en,,,,,,,,,,,NO_METRIC_RETURNED,DataForSEO Google Ads Search Volume Live; US suggestion enrichment,2026-10-03
animated mascot,US,en,480,0.37,LOW,1,,,2026-08:480|2026-07:390|2026-06:390|2026-05:480|2026-04:480|2026-03:480|2026-02:390|2026-01:480|2025-12:480|2025-11:480|2025-10:590|2025-09:480,,,,RETURNED,DataForSEO Google Ads Search Volume Live; US suggestion enrichment,2026-10-03
mascot animation,US,en,480,0.37,LOW,1,,,2026-08:480|2026-07:390|2026-06:390|2026-05:480|2026-04:480|2026-03:480|2026-02:390|2026-01:480|2025-12:480|2025-11:480|2025-10:590|2025-09:480,,,,RETURNED,DataForSEO Google Ads Search Volume Live; US suggestion enrichment,2026-10-03
mascot animation service,US,en,,,,,,,,,,,NO_METRIC_RETURNED,DataForSEO Google Ads Search Volume Live; US suggestion enrichment,2026-10-03
mascot animation agency,US,en,,,,,,,,,,,NO_METRIC_RETURNED,DataForSEO Google Ads Search Volume Live; US suggestion enrichment,2026-10-03
mascot video,US,en,90,,LOW,1,,,2026-08:70|2026-07:70|2026-06:70|2026-05:70|2026-04:90|2026-03:90|2026-02:70|2026-01:110|2025-12:70|2025-11:70|2025-10:110|2025-09:90,,,,RETURNED,DataForSEO Google Ads Search Volume Live; US suggestion enrichment,2026-10-03
animated brand mascot,US,en,,,,,,,,,,,NO_METRIC_RETURNED,DataForSEO Google Ads Search Volume Live; US suggestion enrichment,2026-10-03
animated brand character,US,en,,,,,,,,,,,NO_METRIC_RETURNED,DataForSEO Google Ads Search Volume Live; US suggestion enrichment,2026-10-03
character animation for brands,US,en,,,,,,,,,,,NO_METRIC_RETURNED,DataForSEO Google Ads Search Volume Live; US suggestion enrichment,2026-10-03
mascot social media,US,en,40,,LOW,0,,,2026-08:50|2026-07:40|2026-06:50|2026-05:40|2026-04:40|2026-03:30|2026-02:30|2026-01:30|2025-12:50|2025-11:50|2025-10:40|2025-09:30,,,,RETURNED,DataForSEO Google Ads Search Volume Live; US suggestion enrichment,2026-10-03
mascot social media marketing,US,en,,,,,,,,,,,NO_METRIC_RETURNED,DataForSEO Google Ads Search Volume Live; US suggestion enrichment,2026-10-03
mascot content,US,en,,,,,,,,,,,NO_METRIC_RETURNED,DataForSEO Google Ads Search Volume Live; US suggestion enrichment,2026-10-03
mascot content marketing,US,en,,,,,,,,,,,NO_METRIC_RETURNED,DataForSEO Google Ads Search Volume Live; US suggestion enrichment,2026-10-03
character content marketing,US,en,,,,,,,,,,,NO_METRIC_RETURNED,DataForSEO Google Ads Search Volume Live; US suggestion enrichment,2026-10-03
product mascot,US,en,140,,LOW,1,,,2026-08:140|2026-07:110|2026-06:110|2026-05:140|2026-04:110|2026-03:140|2026-02:170|2026-01:140|2025-12:140|2025-11:110|2025-10:260|2025-09:210,,,,RETURNED,DataForSEO Google Ads Search Volume Live; US suggestion enrichment,2026-10-03
SaaS mascot,US,en,10,,LOW,0,,,2026-08:10|2026-07:10|2026-06:10|2026-05:10|2026-04:10|2026-03:20|2026-02:10|2026-01:10|2025-12:10|2025-11:0|2025-10:0|2025-09:0,,,,RETURNED,DataForSEO Google Ads Search Volume Live; US suggestion enrichment,2026-10-03
software mascot,US,en,10,,LOW,0,,,2026-08:10|2026-07:10|2026-06:10|2026-05:10|2026-04:10|2026-03:10|2026-02:10|2026-01:10|2025-12:10|2025-11:10|2025-10:10|2025-09:10,,,,RETURNED,DataForSEO Google Ads Search Volume Live; US suggestion enrichment,2026-10-03
app mascot,US,en,390,2.63,LOW,1,,,2026-08:390|2026-07:390|2026-06:320|2026-05:390|2026-04:390|2026-03:480|2026-02:390|2026-01:390|2025-12:390|2025-11:390|2025-10:480|2025-09:390,,,,RETURNED,DataForSEO Google Ads Search Volume Live; US suggestion enrichment,2026-10-03
AI mascot,US,en,210,6.49,LOW,5,,,2026-08:210|2026-07:170|2026-06:140|2026-05:260|2026-04:260|2026-03:210|2026-02:170|2026-01:210|2025-12:170|2025-11:170|2025-10:210|2025-09:170,,,,RETURNED,DataForSEO Google Ads Search Volume Live; US suggestion enrichment,2026-10-03
tech company mascot,US,en,,,,,,,,,,,NO_METRIC_RETURNED,DataForSEO Google Ads Search Volume Live; US suggestion enrichment,2026-10-03
startup mascot,US,en,,,,,,,,,,,NO_METRIC_RETURNED,DataForSEO Google Ads Search Volume Live; US suggestion enrichment,2026-10-03
mascot for SaaS,US,en,,,,,,,,,,,NO_METRIC_RETURNED,DataForSEO Google Ads Search Volume Live; US suggestion enrichment,2026-10-03
mascot for startup,US,en,,,,,,,,,,,NO_METRIC_RETURNED,DataForSEO Google Ads Search Volume Live; US suggestion enrichment,2026-10-03
mascot-led marketing,US,en,,,,,,,,,,,NO_METRIC_RETURNED,DataForSEO Google Ads Search Volume Live; US suggestion enrichment,2026-10-03
character-led marketing,US,en,,,,,,,,,,,NO_METRIC_RETURNED,DataForSEO Google Ads Search Volume Live; US suggestion enrichment,2026-10-03
mascot-led content,US,en,,,,,,,,,,,NO_METRIC_RETURNED,DataForSEO Google Ads Search Volume Live; US suggestion enrichment,2026-10-03
character-led content,US,en,,,,,,,,,,,NO_METRIC_RETURNED,DataForSEO Google Ads Search Volume Live; US suggestion enrichment,2026-10-03
character marketing studio,US,en,,,,,,,,,,,NO_METRIC_RETURNED,DataForSEO Google Ads Search Volume Live; US suggestion enrichment,2026-10-03
mascot content studio,US,en,,,,,,,,,,,NO_METRIC_RETURNED,DataForSEO Google Ads Search Volume Live; US suggestion enrichment,2026-10-03
product character marketing,US,en,,,,,,,,,,,NO_METRIC_RETURNED,DataForSEO Google Ads Search Volume Live; US suggestion enrichment,2026-10-03
brand mascot examples,US,en,20,,LOW,0,,informational,2026-08:10|2026-07:10|2026-06:10|2026-05:20|2026-04:10|2026-03:20|2026-02:10|2026-01:10|2025-12:10|2025-11:30|2025-10:30|2025-09:30,,,,RETURNED,DataForSEO Google Ads Search Volume Live; US suggestion enrichment,2026-10-03
SaaS mascots,US,en,,,,,,,,,,,NO_METRIC_RETURNED,DataForSEO Google Ads Search Volume Live; US suggestion enrichment,2026-10-03
brand character examples,US,en,30,,LOW,2,,,2026-08:10|2026-07:20|2026-06:30|2026-05:20|2026-04:40|2026-03:40|2026-02:40|2026-01:20|2025-12:40|2025-11:30|2025-10:70|2025-09:20,,,,RETURNED,DataForSEO Google Ads Search Volume Live; US suggestion enrichment,2026-10-03
mascot marketing,UK,en,10,,LOW,4,,,2026-08:10|2026-07:10|2026-06:10|2026-05:10|2026-04:10|2026-03:10|2026-02:10|2026-01:10|2025-12:10|2025-11:10|2025-10:10|2025-09:10,,,,RETURNED,DataForSEO Google Ads Search Volume Live,2026-10-03
brand mascot,UK,en,320,7.03,LOW,5,,,2026-08:210|2026-07:260|2026-06:320|2026-05:320|2026-04:390|2026-03:390|2026-02:320|2026-01:390|2025-12:260|2025-11:390|2025-10:390|2025-09:320,,,,RETURNED,DataForSEO Google Ads Search Volume Live,2026-10-03
mascot branding,UK,en,320,7.03,LOW,5,,,2026-08:210|2026-07:260|2026-06:320|2026-05:320|2026-04:390|2026-03:390|2026-02:320|2026-01:390|2025-12:260|2025-11:390|2025-10:390|2025-09:320,,,,RETURNED,DataForSEO Google Ads Search Volume Live,2026-10-03
brand mascot design,UK,en,10,5.21,MEDIUM,43,,,2026-08:10|2026-07:10|2026-06:10|2026-05:10|2026-04:10|2026-03:10|2026-02:10|2026-01:0|2025-12:10|2025-11:10|2025-10:10|2025-09:10,,,,RETURNED,DataForSEO Google Ads Search Volume Live,2026-10-03
company mascot,UK,en,140,4.29,LOW,20,,,2026-08:70|2026-07:110|2026-06:90|2026-05:170|2026-04:140|2026-03:140|2026-02:110|2026-01:140|2025-12:140|2025-11:140|2025-10:170|2025-09:140,,,,RETURNED,DataForSEO Google Ads Search Volume Live,2026-10-03
mascot design,UK,en,110,2.95,LOW,29,,,2026-08:70|2026-07:110|2026-06:170|2026-05:170|2026-04:90|2026-03:110|2026-02:140|2026-01:140|2025-12:90|2025-11:140|2025-10:110|2025-09:140,,,,RETURNED,DataForSEO Google Ads Search Volume Live,2026-10-03
brand character,UK,en,140,0.92,LOW,17,,,2026-08:70|2026-07:70|2026-06:260|2026-05:110|2026-04:140|2026-03:170|2026-02:110|2026-01:140|2025-12:170|2025-11:140|2025-10:140|2025-09:170,,,,RETURNED,DataForSEO Google Ads Search Volume Live,2026-10-03
brand character design,UK,en,10,,,,,,2026-08:0|2026-07:10|2026-06:10|2026-05:10|2026-04:0|2026-03:10|2026-02:10|2026-01:10|2025-12:10|2025-11:10|2025-10:0|2025-09:10,,,,RETURNED,DataForSEO Google Ads Search Volume Live,2026-10-03
character marketing,UK,en,10,,LOW,0,,,2026-08:10|2026-07:10|2026-06:10|2026-05:10|2026-04:10|2026-03:10|2026-02:10|2026-01:10|2025-12:10|2025-11:10|2025-10:10|2025-09:10,,,,RETURNED,DataForSEO Google Ads Search Volume Live,2026-10-03
character branding,UK,en,140,0.92,LOW,17,,,2026-08:70|2026-07:70|2026-06:260|2026-05:110|2026-04:140|2026-03:170|2026-02:110|2026-01:140|2025-12:170|2025-11:140|2025-10:140|2025-09:170,,,,RETURNED,DataForSEO Google Ads Search Volume Live,2026-10-03
animated mascot,UK,en,50,8.67,LOW,3,,,2026-08:40|2026-07:50|2026-06:50|2026-05:70|2026-04:30|2026-03:70|2026-02:50|2026-01:40|2025-12:50|2025-11:50|2025-10:70|2025-09:50,,,,RETURNED,DataForSEO Google Ads Search Volume Live,2026-10-03
mascot animation,UK,en,50,8.67,LOW,3,,,2026-08:40|2026-07:50|2026-06:50|2026-05:70|2026-04:30|2026-03:70|2026-02:50|2026-01:40|2025-12:50|2025-11:50|2025-10:70|2025-09:50,,,,RETURNED,DataForSEO Google Ads Search Volume Live,2026-10-03
mascot video,UK,en,10,,LOW,0,,,2026-08:10|2026-07:10|2026-06:10|2026-05:10|2026-04:10|2026-03:10|2026-02:10|2026-01:10|2025-12:10|2025-11:10|2025-10:10|2025-09:10,,,,RETURNED,DataForSEO Google Ads Search Volume Live,2026-10-03
product mascot,UK,en,10,,LOW,2,,,2026-08:10|2026-07:10|2026-06:10|2026-05:10|2026-04:20|2026-03:10|2026-02:10|2026-01:10|2025-12:10|2025-11:10|2025-10:10|2025-09:20,,,,RETURNED,DataForSEO Google Ads Search Volume Live,2026-10-03
SaaS mascot,UK,en,,,,,,,,,,,NO_METRIC_RETURNED,DataForSEO Google Ads Search Volume Live,2026-10-03
app mascot,UK,en,50,,LOW,2,,,2026-08:50|2026-07:50|2026-06:50|2026-05:30|2026-04:50|2026-03:70|2026-02:70|2026-01:50|2025-12:30|2025-11:70|2025-10:40|2025-09:40,,,,RETURNED,DataForSEO Google Ads Search Volume Live,2026-10-03
AI mascot,UK,en,40,4.77,LOW,7,,,2026-08:30|2026-07:70|2026-06:50|2026-05:70|2026-04:50|2026-03:30|2026-02:50|2026-01:40|2025-12:40|2025-11:30|2025-10:50|2025-09:30,,,,RETURNED,DataForSEO Google Ads Search Volume Live,2026-10-03
character-led marketing,UK,en,,,,,,,,,,,NO_METRIC_RETURNED,DataForSEO Google Ads Search Volume Live,2026-10-03
brand mascot examples,UK,en,10,,LOW,0,,,2026-08:10|2026-07:10|2026-06:10|2026-05:10|2026-04:10|2026-03:10|2026-02:10|2026-01:0|2025-12:10|2025-11:10|2025-10:10|2025-09:10,,,,RETURNED,DataForSEO Google Ads Search Volume Live,2026-10-03
brand character examples,UK,en,10,,LOW,0,,,2026-08:10|2026-07:10|2026-06:10|2026-05:10|2026-04:10|2026-03:10|2026-02:10|2026-01:10|2025-12:10|2025-11:10|2025-10:10|2025-09:10,,,,RETURNED,DataForSEO Google Ads Search Volume Live,2026-10-03
mascot marketing,Canada,en,10,,LOW,29,,,2026-08:10|2026-07:10|2026-06:10|2026-05:10|2026-04:10|2026-03:10|2026-02:10|2026-01:10|2025-12:10|2025-11:10|2025-10:10|2025-09:10,,,,RETURNED,DataForSEO Google Ads Search Volume Live,2026-10-03
brand mascot,Canada,en,140,0.02,LOW,1,,,2026-08:170|2026-07:90|2026-06:140|2026-05:110|2026-04:90|2026-03:140|2026-02:140|2026-01:140|2025-12:110|2025-11:170|2025-10:210|2025-09:170,,,,RETURNED,DataForSEO Google Ads Search Volume Live,2026-10-03
mascot branding,Canada,en,140,0.02,LOW,1,,,2026-08:170|2026-07:90|2026-06:140|2026-05:110|2026-04:90|2026-03:140|2026-02:140|2026-01:140|2025-12:110|2025-11:170|2025-10:210|2025-09:170,,,,RETURNED,DataForSEO Google Ads Search Volume Live,2026-10-03
brand mascot design,Canada,en,10,2.87,LOW,17,,,2026-08:10|2026-07:10|2026-06:10|2026-05:10|2026-04:10|2026-03:10|2026-02:10|2026-01:10|2025-12:10|2025-11:10|2025-10:10|2025-09:10,,,,RETURNED,DataForSEO Google Ads Search Volume Live,2026-10-03
company mascot,Canada,en,90,3.15,LOW,22,,,2026-08:70|2026-07:70|2026-06:70|2026-05:90|2026-04:110|2026-03:70|2026-02:70|2026-01:70|2025-12:70|2025-11:90|2025-10:140|2025-09:140,,,,RETURNED,DataForSEO Google Ads Search Volume Live,2026-10-03
mascot design,Canada,en,50,,LOW,16,,,2026-08:40|2026-07:40|2026-06:50|2026-05:50|2026-04:40|2026-03:50|2026-02:70|2026-01:110|2025-12:40|2025-11:50|2025-10:90|2025-09:50,,,,RETURNED,DataForSEO Google Ads Search Volume Live,2026-10-03
brand character,Canada,en,70,,LOW,3,,,2026-08:40|2026-07:40|2026-06:40|2026-05:50|2026-04:70|2026-03:70|2026-02:70|2026-01:50|2025-12:50|2025-11:90|2025-10:90|2025-09:50,,,,RETURNED,DataForSEO Google Ads Search Volume Live,2026-10-03
brand character design,Canada,en,10,,,,,,2026-08:0|2026-07:10|2026-06:10|2026-05:10|2026-04:10|2026-03:10|2026-02:0|2026-01:10|2025-12:10|2025-11:10|2025-10:10|2025-09:10,,,,RETURNED,DataForSEO Google Ads Search Volume Live,2026-10-03
character marketing,Canada,en,10,,LOW,0,,,2026-08:10|2026-07:10|2026-06:10|2026-05:10|2026-04:10|2026-03:0|2026-02:10|2026-01:10|2025-12:10|2025-11:0|2025-10:10|2025-09:10,,,,RETURNED,DataForSEO Google Ads Search Volume Live,2026-10-03
character branding,Canada,en,70,,LOW,3,,,2026-08:40|2026-07:40|2026-06:40|2026-05:50|2026-04:70|2026-03:70|2026-02:70|2026-01:50|2025-12:50|2025-11:90|2025-10:90|2025-09:50,,,,RETURNED,DataForSEO Google Ads Search Volume Live,2026-10-03
animated mascot,Canada,en,70,,LOW,1,,,2026-08:50|2026-07:70|2026-06:70|2026-05:50|2026-04:40|2026-03:70|2026-02:90|2026-01:50|2025-12:50|2025-11:50|2025-10:50|2025-09:70,,,,RETURNED,DataForSEO Google Ads Search Volume Live,2026-10-03
mascot animation,Canada,en,70,,LOW,1,,,2026-08:50|2026-07:70|2026-06:70|2026-05:50|2026-04:40|2026-03:70|2026-02:90|2026-01:50|2025-12:50|2025-11:50|2025-10:50|2025-09:70,,,,RETURNED,DataForSEO Google Ads Search Volume Live,2026-10-03
mascot video,Canada,en,10,,LOW,0,,,2026-08:10|2026-07:10|2026-06:10|2026-05:10|2026-04:10|2026-03:10|2026-02:10|2026-01:10|2025-12:10|2025-11:10|2025-10:10|2025-09:10,,,,RETURNED,DataForSEO Google Ads Search Volume Live,2026-10-03
product mascot,Canada,en,20,,LOW,2,,,2026-08:10|2026-07:10|2026-06:10|2026-05:40|2026-04:10|2026-03:20|2026-02:10|2026-01:10|2025-12:20|2025-11:30|2025-10:20|2025-09:10,,,,RETURNED,DataForSEO Google Ads Search Volume Live,2026-10-03
SaaS mascot,Canada,en,,,,,,,,,,,NO_METRIC_RETURNED,DataForSEO Google Ads Search Volume Live,2026-10-03
app mascot,Canada,en,40,,LOW,0,,,2026-08:40|2026-07:20|2026-06:30|2026-05:30|2026-04:40|2026-03:70|2026-02:70|2026-01:40|2025-12:30|2025-11:20|2025-10:40|2025-09:30,,,,RETURNED,DataForSEO Google Ads Search Volume Live,2026-10-03
AI mascot,Canada,en,20,,LOW,13,,,2026-08:20|2026-07:10|2026-06:40|2026-05:30|2026-04:20|2026-03:20|2026-02:30|2026-01:20|2025-12:20|2025-11:30|2025-10:20|2025-09:20,,,,RETURNED,DataForSEO Google Ads Search Volume Live,2026-10-03
character-led marketing,Canada,en,,,,,,,,,,,NO_METRIC_RETURNED,DataForSEO Google Ads Search Volume Live,2026-10-03
brand mascot examples,Canada,en,10,,LOW,0,,,2026-08:10|2026-07:0|2026-06:10|2026-05:0|2026-04:10|2026-03:10|2026-02:10|2026-01:0|2025-12:10|2025-11:10|2025-10:10|2025-09:10,,,,RETURNED,DataForSEO Google Ads Search Volume Live,2026-10-03
brand character examples,Canada,en,10,,,,,,2026-08:0|2026-07:10|2026-06:0|2026-05:10|2026-04:10|2026-03:10|2026-02:10|2026-01:10|2025-12:10|2025-11:10|2025-10:10|2025-09:10,,,,RETURNED,DataForSEO Google Ads Search Volume Live,2026-10-03
mascot marketing,Australia,en,10,,LOW,0,,,2026-08:10|2026-07:10|2026-06:10|2026-05:10|2026-04:10|2026-03:10|2026-02:10|2026-01:10|2025-12:10|2025-11:10|2025-10:10|2025-09:10,,,,RETURNED,DataForSEO Google Ads Search Volume Live,2026-10-03
brand mascot,Australia,en,90,,LOW,2,,,2026-08:90|2026-07:110|2026-06:90|2026-05:140|2026-04:110|2026-03:90|2026-02:70|2026-01:50|2025-12:40|2025-11:70|2025-10:90|2025-09:110,,,,RETURNED,DataForSEO Google Ads Search Volume Live,2026-10-03
mascot branding,Australia,en,90,,LOW,2,,,2026-08:90|2026-07:110|2026-06:90|2026-05:140|2026-04:110|2026-03:90|2026-02:70|2026-01:50|2025-12:40|2025-11:70|2025-10:90|2025-09:110,,,,RETURNED,DataForSEO Google Ads Search Volume Live,2026-10-03
brand mascot design,Australia,en,10,,,,,,2026-08:0|2026-07:10|2026-06:10|2026-05:10|2026-04:10|2026-03:10|2026-02:10|2026-01:10|2025-12:10|2025-11:10|2025-10:0|2025-09:0,,,,RETURNED,DataForSEO Google Ads Search Volume Live,2026-10-03
company mascot,Australia,en,40,1.38,LOW,4,,,2026-08:40|2026-07:30|2026-06:50|2026-05:40|2026-04:30|2026-03:40|2026-02:30|2026-01:30|2025-12:20|2025-11:50|2025-10:40|2025-09:30,,,,RETURNED,DataForSEO Google Ads Search Volume Live,2026-10-03
mascot design,Australia,en,70,1.71,LOW,14,,,2026-08:90|2026-07:90|2026-06:90|2026-05:70|2026-04:70|2026-03:70|2026-02:70|2026-01:40|2025-12:30|2025-11:70|2025-10:70|2025-09:70,,,,RETURNED,DataForSEO Google Ads Search Volume Live,2026-10-03
brand character,Australia,en,40,,LOW,0,,,2026-08:50|2026-07:30|2026-06:30|2026-05:50|2026-04:40|2026-03:40|2026-02:20|2026-01:30|2025-12:30|2025-11:30|2025-10:40|2025-09:70,,,,RETURNED,DataForSEO Google Ads Search Volume Live,2026-10-03
brand character design,Australia,en,10,,LOW,7,,,2026-08:10|2026-07:10|2026-06:0|2026-05:10|2026-04:10|2026-03:10|2026-02:10|2026-01:10|2025-12:0|2025-11:10|2025-10:10|2025-09:10,,,,RETURNED,DataForSEO Google Ads Search Volume Live,2026-10-03
character marketing,Australia,en,10,,LOW,0,,,2026-08:10|2026-07:10|2026-06:10|2026-05:10|2026-04:10|2026-03:10|2026-02:10|2026-01:0|2025-12:0|2025-11:10|2025-10:10|2025-09:0,,,,RETURNED,DataForSEO Google Ads Search Volume Live,2026-10-03
character branding,Australia,en,40,,LOW,0,,,2026-08:50|2026-07:30|2026-06:30|2026-05:50|2026-04:40|2026-03:40|2026-02:20|2026-01:30|2025-12:30|2025-11:30|2025-10:40|2025-09:70,,,,RETURNED,DataForSEO Google Ads Search Volume Live,2026-10-03
animated mascot,Australia,en,30,,LOW,0,,,2026-08:30|2026-07:50|2026-06:30|2026-05:30|2026-04:40|2026-03:40|2026-02:30|2026-01:40|2025-12:30|2025-11:20|2025-10:40|2025-09:30,,,,RETURNED,DataForSEO Google Ads Search Volume Live,2026-10-03
mascot animation,Australia,en,30,,LOW,0,,,2026-08:30|2026-07:50|2026-06:30|2026-05:30|2026-04:40|2026-03:40|2026-02:30|2026-01:40|2025-12:30|2025-11:20|2025-10:40|2025-09:30,,,,RETURNED,DataForSEO Google Ads Search Volume Live,2026-10-03
mascot video,Australia,en,10,,LOW,0,,,2026-08:10|2026-07:0|2026-06:10|2026-05:10|2026-04:10|2026-03:10|2026-02:10|2026-01:10|2025-12:10|2025-11:10|2025-10:10|2025-09:10,,,,RETURNED,DataForSEO Google Ads Search Volume Live,2026-10-03
product mascot,Australia,en,10,,LOW,0,,,2026-08:10|2026-07:10|2026-06:10|2026-05:10|2026-04:10|2026-03:10|2026-02:10|2026-01:10|2025-12:0|2025-11:10|2025-10:10|2025-09:10,,,,RETURNED,DataForSEO Google Ads Search Volume Live,2026-10-03
SaaS mascot,Australia,en,,,,,,,,,,,NO_METRIC_RETURNED,DataForSEO Google Ads Search Volume Live,2026-10-03
app mascot,Australia,en,30,,LOW,0,,,2026-08:50|2026-07:20|2026-06:20|2026-05:30|2026-04:30|2026-03:40|2026-02:20|2026-01:30|2025-12:30|2025-11:20|2025-10:20|2025-09:10,,,,RETURNED,DataForSEO Google Ads Search Volume Live,2026-10-03
AI mascot,Australia,en,20,,LOW,4,,,2026-08:20|2026-07:10|2026-06:30|2026-05:20|2026-04:10|2026-03:20|2026-02:20|2026-01:20|2025-12:20|2025-11:20|2025-10:10|2025-09:20,,,,RETURNED,DataForSEO Google Ads Search Volume Live,2026-10-03
character-led marketing,Australia,en,,,,,,,,,,,NO_METRIC_RETURNED,DataForSEO Google Ads Search Volume Live,2026-10-03
brand mascot examples,Australia,en,10,,,,,,2026-08:0|2026-07:10|2026-06:10|2026-05:10|2026-04:10|2026-03:10|2026-02:0|2026-01:10|2025-12:0|2025-11:10|2025-10:0|2025-09:10,,,,RETURNED,DataForSEO Google Ads Search Volume Live,2026-10-03
brand character examples,Australia,en,10,,LOW,0,,,2026-08:10|2026-07:10|2026-06:10|2026-05:10|2026-04:0|2026-03:10|2026-02:10|2026-01:10|2025-12:0|2025-11:10|2025-10:10|2025-09:10,,,,RETURNED,DataForSEO Google Ads Search Volume Live,2026-10-03
