"keyword","intent_bucket","fit","evidence","review_status"
"mascot marketing","DIGITAL_BRAND_MARKETING","mixed","US SERP includes physical mascot social engagement and brand strategy articles","SERP_REVIEWED"
"mascot branding","DIGITAL_BRAND_MARKETING","mixed","US SERP includes one specialist service page plus gallery and articles","SERP_REVIEWED"
"brand mascot","GENERIC_CHARACTER_DESIGN","mixed","US SERP mixes illustration marketplace and costume page","SERP_REVIEWED"
"brand mascot design","GENERIC_CHARACTER_DESIGN","mixed","US SERP dominated by design inspiration; some brand service pages","SERP_REVIEWED"
"brand character design","GENERIC_CHARACTER_DESIGN","mixed","US SERP includes Pinterest Behance illustration services and articles","SERP_REVIEWED"
"character marketing","DIGITAL_BRAND_MARKETING","poor","US SERP includes unrelated agencies named Character and general storytelling","SERP_REVIEWED"
"animated mascot","GENERIC_CHARACTER_DESIGN","mixed","US SERP favors how-to tools assets and animation","SERP_REVIEWED"
"mascot animation","GENERIC_CHARACTER_DESIGN","mixed","US SERP favors tools galleries and animation service articles","SERP_REVIEWED"
"brand character agency","DIGITAL_BRAND_MARKETING","poor","US SERP hijacked by companies named Character and broad agencies","SERP_REVIEWED"
"mascot design agency","DIGITAL_BRAND_MARKETING","mixed","US SERP has commercial mascot design service but also school costumes","SERP_REVIEWED"
"brand mascot costumes","PHYSICAL_MASCOT_COSTUME","exclude","DataForSEO suggestion explicitly requests costume","KEYWORD_TEXT_REVIEWED"
"brand mascot halloween costumes","PHYSICAL_MASCOT_COSTUME","exclude","DataForSEO suggestion explicitly requests Halloween costume","KEYWORD_TEXT_REVIEWED"
"school mascot costume","SPORTS_SCHOOL","exclude","School and costume purchase intent outside SaaS/product offer","KEYWORD_TEXT_REVIEWED"
"mascot for school","SPORTS_SCHOOL","exclude","School identity outside target buyer","KEYWORD_TEXT_REVIEWED"
"sports mascot design","SPORTS_SCHOOL","exclude","Sports team identity outside target buyer","KEYWORD_TEXT_REVIEWED"
"company mascot","DIGITAL_BRAND_MARKETING","mixed","Business context explicit; SERP not individually inspected","PROVISIONAL"
"business mascot","DIGITAL_BRAND_MARKETING","mixed","Business context explicit; SERP not individually inspected","PROVISIONAL"
"mascot design","GENERIC_CHARACTER_DESIGN","mixed","Broad phrase may include logos and sports; SERP not individually inspected","PROVISIONAL"
"mascot agency","DIGITAL_BRAND_MARKETING","mixed","Agency intent likely but noun may be brand name or live costume","PROVISIONAL"
"mascot video","DIGITAL_BRAND_MARKETING","mixed","Video output relevant but intent unknown without SERP inspection","PROVISIONAL"
"mascot social media","DIGITAL_BRAND_MARKETING","relevant","Channel-specific character use; SERP not individually inspected","PROVISIONAL"
"product mascot","DIGITAL_BRAND_MARKETING","relevant","Product context fits owned proof; SERP not individually inspected","PROVISIONAL"
"SaaS mascot","DIGITAL_BRAND_MARKETING","relevant","SaaS qualifier fits target buyer; low or unavailable volume","PROVISIONAL"
"app mascot","DIGITAL_BRAND_MARKETING","relevant","App qualifier fits target buyer but may be UI assets","PROVISIONAL"
"AI mascot","DIGITAL_BRAND_MARKETING","mixed","AI qualifier may mean generator; SERP not individually inspected","PROVISIONAL"
"character-led marketing","DIGITAL_BRAND_MARKETING","relevant","Describes offer clearly; DataForSEO SERP failed and volume unavailable","KEYWORD_TEXT_REVIEWED"
"mascot-led marketing","DIGITAL_BRAND_MARKETING","relevant","Describes offer but volume unavailable; SERP not inspected","PROVISIONAL"
"how to create a brand mascot","GENERIC_CHARACTER_DESIGN","relevant","Information content opportunity; DataForSEO suggestion","KEYWORD_TEXT_REVIEWED"
"brand mascot examples","GENERIC_CHARACTER_DESIGN","relevant","Information gallery opportunity if original analysis exists","KEYWORD_TEXT_REVIEWED"
