"name","buyer_comprehension","memorability","search_demand","commercial_intent","distinctiveness","proof_fit","saas_founder_fit","expansion_beyond_design","ankur_brand_fit","authority_potential","low_costume_confusion","total_110","evidence_note"
"Character-Led Marketing","7","8","2","6","7","9","10","10","10","9","9","87","No reported Google Ads volume for exact term; strongest description of character-to-content system"
"Mascot-Led Marketing","7","7","2","6","6","8","8","9","8","7","5","73","No reported exact volume; mascot noun adds costume ambiguity"
"Mascot-Led Product Marketing","8","7","1","6","8","9","10","9","9","8","7","82","Specific to product buyers but long and no reported exact volume"
"Brand Character Marketing","7","6","2","5","6","8","9","9","8","8","8","76","US exact phrase 10 monthly; plain enough but stiff"
"Character-Led Brand Marketing","6","6","1","5","7","8","8","9","8","8","8","74","Clear after explanation; no exact metric retrieved"
"Mascot Content Studio","8","7","1","7","5","8","8","9","6","6","6","71","Content output clear but makes Ankur sound like a separate studio"
"Brand Character Studio","7","8","1","5","7","8","8","7","6","7","9","73","Good brand phrase but design-only ambiguity and no exact volume"
"Character Marketing Studio","6","6","1","5","5","8","8","9","6","7","9","70","Character marketing SERP polluted by unrelated company names"
"Product Character Marketing","6","6","1","5","8","9","10","9","9","7","9","79","Distinctive but requires immediate explanation"
"Mascot Campaigns","7","6","1","7","6","7","7","5","7","6","5","64","Sounds project-based; underplays character system"
"Character-Led Growth","5","7","1","5","8","7","9","8","7","8","9","74","Growth implies outcome that current proof cannot isolate"
"Mascot-Led Content","7","6","1","6","5","8","7","9","7","6","5","67","Content clear but costume ambiguity remains"
